"Apartment Name","Address","Walk to Wharton","Studio/1B1B Price Range","Furnished","Amenities/Notes","Safety","Good & Bad Reviews (see sources)"
"The Standard at Philadelphia","119 S 31st St","10 min","$951–2,300+","Yes","In-unit WD, gym, student amenities","Very safe","Modern, luxury, costly for some"
"3737 Chestnut","3737 Chestnut St","8 min","$2,000–2,900","Yes","Gym, business ctr, in-unit WD, pet area","Safe","Upscale, hassle-free, pricy"
"Evo at Cira Centre South","2930 Chestnut St","11 min","$1,176+","Yes","Loft/gym/pool, student-focused","Safe","Vibrant but noisy, good amenities"
"ANOVA uCity Square","3700 Lancaster Ave","12 min","$1,769+","Yes","Modern, washer/dryer, fitness","Good","Newer feel, some isolation"
"Paloma University City","3600 Lancaster Ave","9 min","$999–1,159","Yes","Gym, in-unit WD, modern","Good","Value, quick maintenance"
"Chestnut Hall Apartments","3900 Chestnut St","8 min","$1,350+","Limited","Gym, security, laundry shared","Ok","Location, older, basic"
"The Chestnut Philadelphia","3720 Chestnut St","7 min","$2,300+","Yes","Luxury, study rms/gym","Very safe","High end, quiet, expensive"
"The Left Bank","3131 Walnut St","6 min","$2,211+","Yes","Gym, pet-friendly, in-unit WD","Very safe","Spacious, hotel feel"
"Hamilton Court","101 S 39th St","10 min","$1,009+","Some","Pool, gym, old building renovated","Safe","Historic, vibrant, sometimes noisy"
"University City Associates","4104 Walnut St","14 min","$862+","Some","Pool, balcony, laundry in-unit","Good","Spacious, value"
"Campus Apartments","4043 Walnut St","13 min","$1,052+","Some","Shuttle, supermarket, gym","Ok","Affordable, dated apts"
"Uno on Chestnut","4125 Chestnut St","17 min","$1,640+","Yes","Bills incl, in-unit WD","Safe","Good for groups, far from center"
"325 N 40th Street","325 N 40th St","15 min","$995","Yes","WD, modern, pet-friendly","OK","Updated, not luxury"
"The Divine Lorraine","699 N Broad St","25+ min","$1,600+","Some","Iconic, amenities","Good","Unique style, farther out"
"Waverly Walkway","1214 Waverly Walk","30 min","$1,725","-","Basic, good neighborhood","Good","Value for price"
"Spring Lofts","1217 Spring Garden St","30 min","$1,280+","Some","Recently renovated, in-unit WD","Average","Modern, commute long"
"Broadridge","1300 Fairmount Ave","30+ min","$1,317+","Yes","New, gym/clubhouse, package serv.","Good","High rise, not close to Penn"
"Touraine","1520 Spruce St","28 min","$2,085+","Yes","Classic, gym, doorman","Very safe","Historic, high rent"
"The Ryland","1 Dock St","30 min","$1,980+","Yes","Waterfront, luxury, gym","Very safe","Views, expensive"
"44XX Chestnut Properties","4402 Chestnut St","17 min","$1,125","Some","Laundry, pet-friendly","Average","Parking included"
"Avenir","1515 Chestnut St","28 min","$1,403+","Yes","In-unit WD, gym, updated","Good","Modern units, small size"
"5019 Walnut Street","5019 Walnut St","20 min","$1,195","-","Low cost, limited amenities","OK","Cost saver, far west"
"Dickinson Lofts","1620 Christian St","35+ min","$1,395","Some","In-unit WD, historic conversion","Good","Nice interiors, far"
"Liberty View","1526-36 South St","28 min","$1,470+","Some","Doorman, amenities, gym","Very safe","Upscale, moderate rent"
"Southstar Lofts","1500-1514 Locust St","26 min","$1,606+","Some","Pool, gym, pet-friendly","Safe","Great staff, long walk"
"Trinity Row","2027-2043 Locust St","25 min","$1,737","Some","Garage, gated, in-unit WD","Very safe","Quiet, residential"
"Dalian on the Park","500 N 18th St","30+ min","$2,655+","Yes","Art Museum dist, gym, pool","Very safe","Scenic, distance"
"Lincoln Square","1000 S Broad St","35 min","$1,427+","Yes","Rooftop, lounge, comm. location","OK","Modern, long commute"
"1600 Walnut Street","1600 Walnut St","28 min","$1,545+","Yes","Midtown Village area, gym","Safe","Nice walkable, price"
"Walnut Square","402 S 36th St","26 min","$1,135+","Some","Quiet, basic, near 40th St","OK","Standard, could be newer"
"Haverford Apartments","4100 Haverford Ave","35+ min","$1,452","-","Historic, various layouts","Average","Affordable, location"